{"cameraMode":{"drawMode":0,"name":"Shaded","section":"Shading Mode"},"sceneLighting":true,"audioPlay":false,"sceneViewState":{"showFog":true,"showMaterialUpdate":false,"showSkybox":true,"showFlares":true,"showImageEffects":true,"showParticleSystems":true},"in2DMode":false,"pivot":{"x":-1.1468658447265626,"y":-0.7675766944885254,"z":12.360426902770996},"rotation":{"x":0.40652230381965639,"y":-0.5684102177619934,"z":0.38215088844299319,"w":0.6046710014343262},"size":16.34735870361328,"orthographic":true}