{"cameraMode":{"drawMode":0,"name":"Shaded","section":"Shading Mode"},"sceneLighting":true,"audioPlay":false,"sceneViewState":{"showFog":true,"showMaterialUpdate":false,"showSkybox":true,"showFlares":true,"showImageEffects":true,"showParticleSystems":true},"in2DMode":false,"pivot":{"x":-5.287304878234863,"y":-0.11621475219726563,"z":4.8220109939575199},"rotation":{"x":0.49125397205352785,"y":-0.5083562135696411,"z":0.4859911799430847,"w":0.5138871073722839},"size":25.738494873046876,"orthographic":false}